이름,PER,WAR,출장,완투,완봉,선발,승,패,세,홀드,이닝,실점,자책,타자,안타,2타,3타,홈런,볼넷,고4,사구,삼진,보크,폭투,ERA,FIP,WHIP,ERA+,FIP+,WAR_1,WPA
양현종,,-4.85,2,-2,-2,2,-5,2,0,0,-12.1,43,43,15,15,8,3,7,31,0,3,-14,0,6,2.41,1.38,0.35,-81.7,-40.3,-4.85,-4.79
루친스키,,0.89,0,-2,0,0,10,-4,0,0,5.9,-1,2,39,9,-8,2,1,12,0,0,48,0,4,0,-0.12,0.08,21.2,19,0.89,0.53
채드벨,,-4.27,-13,0,0,-13,-9,-2,0,0,-100.1,-19,-18,-403,-84,-22,-2,-4,-28,1,-5,-73,-1,-5,2.46,1.03,0.25,-38.7,-7.9,-4.27,-2.54
요키시,,1.27,-3,-1,-1,-3,-1,-2,0,0,-21.9,-19,-25,-106,-22,-7,-2,-3,-14,0,-5,-26,1,-3,-0.99,-0.13,-0.07,86.9,22.9,1.27,2.11
서폴드,,-2.85,-3,1,1,-3,-2,2,0,0,-27.1,23,15,-76,12,2,-1,11,-12,-1,5,-38,0,2,1.4,1.39,0.22,-21.3,-21.3,-2.85,-3.23
고우석,-18.2,-3.38,-25,0,0,0,-8,2,-18,0,-29.8,9,7,-105,-10,2,-1,-2,-11,-3,-2,-25,0,3,2.58,-0.09,0.25,-156.1,21.4,-3.38,-3.4
켈리,,0.27,-1,1,1,-1,1,-5,0,0,-7,-3,13,-42,-4,-4,-2,9,-1,0,-5,8,0,-8,0.77,0.63,0.01,-21.5,-6,0.27,-0.75
박진우,,-3.75,2,0,0,-17,-7,-5,0,2,-97.2,-24,-24,-396,-90,-11,0,-7,-16,1,-13,-70,0,-2,2.09,0.44,0.22,-41.7,2.4,-3.75,-2.84
정우람,0,-2.6,-7,0,0,0,-1,2,-10,0,-4,18,19,-7,1,3,1,0,-4,-3,4,5,-1,0,3.26,0.13,0.04,-169.7,13.1,-2.6,-1.57
브리검,,-1.31,-7,0,0,-7,-4,0,0,0,-51.1,-17,-9,-213,-50,-25,0,1,-4,1,-7,-25,-1,1,0.66,0.34,0.08,-10,2.3,-1.31,-0.13
쿠에바스,,-0.97,-3,0,0,-3,-3,-2,0,0,-26,0,-2,-92,-1,5,-5,-2,-17,0,-3,-25,0,0,0.48,0.09,0.08,1.8,12,-0.97,-1.51
유희관,,-3.38,-1,-2,0,0,-1,3,0,0,-30,24,16,-70,19,0,3,6,-3,1,0,-8,0,-1,1.77,0.89,0.4,-33.7,-8,-3.38,-4.04
윌슨,,-2.31,-5,-1,0,-5,-4,1,0,0,-40.8,4,11,-135,-10,-4,0,6,-4,-1,-3,-28,1,-3,1.5,0.92,0.22,-35.3,-15.2,-2.31,-2.55
하재훈,,-3.71,-46,0,0,0,-4,-2,-32,-3,-46,0,-2,-179,-28,-8,0,1,-18,-2,-1,-54,-1,1,5.64,3.14,0.84,-150.5,-71.6,-3.71,-5.59
최원태,,-2.49,-6,0,0,-6,-4,1,0,0,-47.1,0,3,-188,-50,-12,-1,11,1,2,2,-38,0,1,1.69,2.11,0.1,-29.9,-40.9,-2.49,-1.24
이영하,-29.6,-1.02,13,-1,0,-8,-12,7,6,0,-31.1,8,2,-87,0,-2,-4,4,5,2,-5,-5,-1,-1,1,0.72,0.34,-12.6,-4.3,-1.02,-5.1
문경찬,,-2.76,2,0,0,0,-1,3,-14,11,-3,26,21,8,6,1,0,9,5,-1,2,-6,0,0,3.71,3.04,0.27,-225.6,-79.2,-2.76,-0.89
문승원,,1.01,-1,1,0,2,-5,1,0,-2,1.2,1,-3,24,6,16,-5,-10,12,-1,3,18,0,2,-0.23,-0.67,0.11,23,27.6,1.01,-0.07
알칸타라,,5.55,4,0,0,4,9,-9,0,0,26,-22,-21,71,-15,-1,0,-3,3,0,1,82,-1,1,-1.47,-0.88,-0.22,78.6,45.8,5.55,3.47
구창모,,1.91,-8,0,0,-5,-1,-7,0,0,-13.9,-20,-20,-101,-27,-3,-2,-3,-24,0,-5,-12,0,-5,-1.46,-0.88,-0.38,149.2,53.8,1.91,1.71
서진용,,-1.55,-9,0,0,0,-1,6,4,-21,-7,14,10,-15,-1,-5,-1,9,6,-3,-1,-20,0,6,1.75,3.04,0.22,-61.2,-71.9,-1.55,-4.44
배제성,50,0.33,-2,-1,-1,5,0,-3,0,0,9.9,9,7,55,-2,12,-2,6,20,0,1,-8,1,1,0.19,1.22,0.03,10.7,-13,0.33,0.91
박준표,45.45,0.47,1,0,0,0,2,-1,6,-4,-4.8,1,-4,-5,-1,-2,-1,-1,2,1,-4,14,0,1,-0.52,-0.78,0.09,105.7,50.7,0.47,-0.59
주권,,0.44,6,0,0,0,0,0,-2,6,-5.1,0,-4,-2,-10,-4,0,-1,18,1,-1,-10,0,-1,-0.29,0.98,0.19,38.1,-7.7,0.44,-2.06
박종훈,,-0.13,1,0,0,0,5,0,0,0,13.1,18,22,48,-11,-8,3,2,19,1,9,34,0,4,0.93,0.3,-0.08,-9,6.7,-0.13,-2.27
백정현,-8.9,-1.93,-17,-1,-1,-16,-4,-6,0,0,-98,-42,-40,-419,-91,-14,-2,-4,-39,0,-5,-36,0,-3,0.95,0.83,0.06,-6.8,-0.3,-1.93,-0.22
우규민,-72,-2.03,-2,0,0,0,1,-4,-8,4,-11,14,15,-37,3,7,1,-4,-1,0,-5,-10,0,0,3.44,-0.67,0.31,-77.8,33.6,-2.03,-0.91
진명호,-40,-1.93,-23,0,0,0,-3,-1,0,-7,-32,1,1,-127,-27,-7,1,-1,-13,-4,1,-19,0,-2,3.77,0.93,0.19,-55.2,-6.4,-1.93,-1.97
전상현,84.21,-0.26,-10,0,0,0,1,-2,15,-2,-13,0,-8,-47,-10,-2,0,1,1,-2,-2,2,0,0,-0.67,0.31,0.11,61,6.9,-0.26,1.4
이재학,,-2.25,-5,0,0,-4,-5,2,0,0,-39,4,11,-150,-28,-3,-1,8,0,0,-4,-30,1,-2,2.73,2.01,0.27,-36.4,-27.6,-2.25,-1.65
조상우,,1.19,5,0,0,0,3,-1,13,-8,7,0,-1,40,5,2,0,0,10,2,0,18,0,0,-0.51,-0.01,0.13,62.7,18.2,1.19,-0.49
장필준,-23.3,-1.43,-30,0,0,2,-3,0,-11,-11,-33.2,-5,-5,-132,-18,-3,-1,-1,-17,-3,-3,-27,0,1,2.13,1,0.33,-33.7,-4.8,-1.43,-1.73
김상수,,-1.6,-7,0,0,0,0,-2,5,-29,-5.1,14,9,-12,2,6,0,0,-7,0,1,-12,0,1,1.87,0.28,0.04,-45.3,5.6,-1.6,-1.15
김재윤,42,0.46,13,0,0,0,3,1,14,-8,13,10,10,79,35,1,2,3,3,1,-1,16,0,-1,0.99,0.32,0.45,-37,7.1,0.46,-1.22
윤명준,-25.7,-1.24,-27,0,0,0,-6,-2,1,-7,-28.1,1,2,-99,-14,-8,1,1,-8,-1,-2,-20,0,-6,2.32,1.04,0.31,-61.7,-13,-1.24,0.06
오주원,,-1.57,-32,0,0,0,0,-2,-18,-1,-36,-5,-3,-145,-32,-5,0,5,-7,0,-3,-28,1,-1,3.08,3.71,0.08,-91.2,-84.1,-1.57,-1.57
최성영,,-1.61,-12,0,0,-2,-2,3,0,-2,-21.9,6,5,-90,-12,-1,-3,10,-13,0,-1,-35,0,-1,2.14,3.06,0.14,-27.3,-32.6,-1.61,-2.08
차우찬,-70,-1.23,-16,0,0,-15,-8,-3,0,0,-104.1,-48,-39,-443,-110,-16,0,-8,-31,1,-3,-73,0,-12,1.22,0.64,0.12,-12.8,-1.3,-1.23,-0.2
김성민,,-1.49,-25,0,0,0,-1,0,0,-5,-32.9,2,1,-118,-25,-7,-1,3,1,2,1,-17,0,-3,3.9,2.33,0.55,-89,-60.9,-1.49,-1.8
이용찬,,-1.87,-21,0,0,-21,-6,-7,0,0,-121.9,-50,-42,-526,-127,-20,-2,-8,-39,-3,-6,-87,0,-2,4.37,2.21,0.32,-45.8,-24.7,-1.87,-0.83
최원준,171.2,1.76,8,0,0,15,9,0,-1,-4,68.9,35,36,304,82,11,2,14,19,-1,3,56,1,1,1.15,1.35,0.12,-32.6,-26.5,1.76,1.03
박민호,,1.02,10,0,0,0,-1,0,4,7,1.9,-1,-1,6,-6,-1,0,2,5,0,-2,14,0,0,-0.26,0.26,-0.06,41.1,8.1,1.02,-0.33
고영창,,-1.11,-7,0,0,0,0,-2,0,-8,4,24,23,32,25,11,-3,1,3,0,-3,1,2,4,3.33,0.29,0.38,-50,6.8,-1.11,0.3
이형범,-36.6,-1.61,-40,0,0,0,-5,-1,-18,-9,-35.8,-3,4,-136,-27,0,0,1,-3,0,-7,-18,0,-1,5.05,2.43,0.54,-93.9,-24.6,-1.61,-3.41
양현,,0.52,29,0,0,-2,7,3,2,10,19.8,13,13,86,27,4,0,3,6,0,2,8,0,1,1.31,0.94,0.22,-65.2,-14.5,0.52,-0.72
장시환,40,0.22,-1,0,0,-1,-2,1,0,0,7.1,3,5,33,-8,-2,0,3,16,-1,6,6,0,-7,0.07,0.83,-0.03,9.9,-3.9,0.22,-1.01
안영명,,-0.92,-28,0,0,0,-3,-6,0,-12,-16.8,5,3,-72,-31,-6,0,4,5,1,-1,-14,-1,-2,1.99,2.2,-0.02,-25.4,-31.5,-0.92,1.08
정영일,,-1.43,-15,0,0,0,1,0,1,-6,-18.9,5,2,-61,-1,2,-1,5,-11,-1,2,-18,1,1,3.35,3.56,0.51,-58.4,-49.6,-1.43,-0.89
이승현,50,0.43,31,0,0,0,-1,1,0,6,17.1,11,13,79,17,4,1,9,14,1,-1,21,0,0,1.53,2.2,0.24,-80.4,-36.3,0.43,-0.11
라이블리,,1.62,12,-1,-1,12,2,3,0,0,55,28,28,242,47,7,-3,7,26,0,7,37,0,2,0.31,1.27,0.1,6.4,-23.6,1.62,-0.44
박시영,,-1.42,-7,0,0,-6,0,0,0,-3,-31.1,-3,-2,-117,-19,-3,-1,0,-4,0,-3,-39,0,-6,3.78,2.67,0.54,-38.4,-32.3,-1.42,-1.9
김대현,-33.3,-1.29,-8,0,0,-2,-1,-4,0,-6,-34.1,-7,-7,-127,-26,-4,1,4,-4,0,-3,-12,0,0,2.07,2.43,0.51,-29,-32.8,-1.29,-1.95
김태훈,,-0.18,-18,0,0,2,3,-5,-7,-17,-5.2,1,-1,-15,8,6,1,-3,-4,1,1,-36,0,-4,0.22,0.47,0.18,5.3,-3.9,-0.18,-0.72
김태훈,,-1.47,-38,0,0,8,-3,1,-7,-23,-7.2,19,20,-15,-1,5,0,4,13,0,0,-33,0,3,3.4,2.67,0.35,-40.7,-48.7,-1.47,-2.2
최지광,50,-0.19,-12,0,0,0,-2,-5,-2,5,-23.9,-9,-7,-104,-30,-4,-3,-2,-9,1,-2,-15,0,2,0.77,-0.12,-0.06,-4,17.6,-0.19,0.17
박세웅,50,1.03,16,0,0,16,5,4,0,0,87.1,52,49,395,111,15,-1,17,24,0,8,64,0,9,0.5,1.23,0.04,3.6,-15.3,1.03,-1.32
전유수,5,-0.41,-15,0,0,-1,2,3,1,-4,-20.9,-5,1,-80,-20,-9,0,1,3,1,-1,-19,0,-5,1.73,1.26,0.2,-29.2,-22.6,-0.41,1.62
박희수,,-0.67,-6,0,0,0,0,0,-1,-2,-4,8,11,-12,-1,4,0,3,-3,1,-3,12,0,2,4.21,0.1,0.07,-249.6,13,-0.67,-0.49
김건국,10,-0.23,-5,0,0,-5,0,-1,0,-2,-35,-20,-19,-154,-43,-3,1,-3,-18,0,-3,-12,0,1,-0.48,-1.01,-0.27,28.1,43.3,-0.23,0.05
원태인,62.5,0.71,1,0,0,6,2,2,0,-2,28,19,16,133,43,6,-2,7,17,2,0,10,-2,0,0.07,0.71,0.15,11.4,-0.1,0.71,0.36
진해수,0,-0.29,3,0,0,0,1,1,0,2,7,10,8,42,10,3,-3,1,7,2,2,21,0,5,0.97,-0.02,0.14,-15.1,16,-0.29,-0.35
한현희,,0.2,-36,0,0,25,0,4,0,-24,77.2,51,53,336,91,10,0,9,17,1,7,60,1,1,1.57,0.71,0.1,-26.7,-10,0.2,0.83
함덕주,-22,0.5,-25,0,0,6,3,-4,-6,-5,0.9,1,3,4,16,0,-1,-4,-13,-2,-1,7,0,5,0.44,-1.7,0.03,0.4,67.5,0.5,-1.53
윤성환,,-0.96,-22,0,-1,-22,-8,-11,0,0,-126.9,-73,-65,-559,-149,-30,-1,-14,-39,0,-4,-61,0,-3,1.02,0.44,0.11,-5.4,3,-0.96,0.66
박상원,,-0.07,1,0,0,0,0,-4,1,-2,-1,6,4,0,10,8,1,3,-8,3,-1,13,1,1,0.69,-0.22,0.05,-2.4,17.4,-0.07,-0.79
박진형,33,-0.42,12,0,0,0,-1,3,-5,12,2.1,8,9,25,16,12,2,1,2,-1,4,10,0,-2,1.68,0.45,0.36,-19.1,3.4,-0.42,-0.16
이승호,,0.33,1,-1,-1,0,-2,1,0,0,-4,1,6,-16,-2,-7,-2,5,-11,0,4,-9,-2,-2,0.6,0.71,-0.06,0,-2.7,0.33,1.05
이영준,,-0.08,23,0,0,0,1,2,0,24,6.9,10,10,40,2,-4,-2,5,14,0,2,13,1,3,1.76,2.45,0.18,-39.7,-64,-0.08,0.01
임현준,-9.1,0.32,-20,0,0,0,0,1,0,-3,-17,-12,-11,-68,-10,-6,-1,0,-5,1,3,-17,0,1,-1.62,1.15,0.13,151,-17.2,0.32,-0.03
고효준,,-0.57,-51,0,0,0,-1,-7,0,-15,-46.9,-24,-23,-203,-44,-10,-1,-3,-25,-6,0,-61,0,-10,0.98,3.39,0.09,-3.4,-40.5,-0.57,0.91
김대유,,-0.91,-18,0,0,0,0,0,0,0,-24.9,-1,-1,-97,-16,-5,0,-1,-11,-1,-3,-22,0,0,20.81,1.42,1.35,-158.6,-18.2,-0.91,-0.25
이대은,-50,-0.93,-24,0,0,-4,-4,2,-16,0,-56.9,-25,-21,-249,-53,-11,-1,-6,-26,2,-1,-44,0,3,1.64,0.76,0.18,-17.2,0,-0.93,-3.69
정우영,125,1.97,9,0,0,0,0,-2,4,4,9.9,-4,-1,32,-9,-4,-2,1,9,-2,3,21,-1,-2,-0.6,0.29,-0.15,38.3,5.8,1.97,1.51
서준원,84.8,-0.1,-2,0,0,4,3,-5,0,0,10.2,10,3,37,13,-7,-1,6,-7,1,-6,0,-1,2,-0.29,0.33,-0.1,17.2,6.6,-0.1,-0.29
김태훈,,0.23,20,0,0,-3,-1,-3,0,8,-6,-2,-5,-19,-7,-1,1,-4,-1,1,5,-10,0,0,-0.28,-0.16,0.01,19.4,21.3,0.23,-0.05
김태훈,,-1.06,0,0,0,3,-7,3,0,2,-8,16,16,-19,-16,-2,0,3,16,0,4,-7,0,7,2.9,2.04,0.18,-26.6,-23.5,-1.06,-1.53
배재환,,0.21,-9,0,0,0,-2,-2,0,-8,-11.1,-4,-3,-38,-11,-2,2,1,4,1,2,-28,1,3,0.34,2.23,0.23,6.7,-30.4,0.21,-1.22
김민,,-1.02,-3,0,0,-20,-3,-9,0,1,-108,-53,-52,-467,-129,-22,-4,-10,-36,0,1,-59,-2,1,1.58,1.32,0.17,-10.7,-7.7,-1.02,0.74
백승건,,-1.16,-5,0,0,7,0,5,0,0,10,24,21,75,21,1,0,6,19,0,1,14,0,0,5.65,3.48,0.87,-121.8,-30.8,-1.16,-0.99
김진영,147,0.75,52,0,0,-5,3,-1,0,8,27.8,14,8,114,21,-2,0,5,6,0,2,42,0,5,-0.72,-0.43,-0.31,40.1,22.8,0.75,-0.23
김민수,8,-1.2,5,0,0,7,-5,3,-2,-1,21.9,34,25,128,64,10,-2,4,0,-2,2,7,0,2,1.14,0.35,0.32,-5.4,6.1,-1.2,-2.95
김이환,10,-0.65,6,0,0,7,-2,4,0,0,26.2,31,31,141,33,4,0,7,23,0,2,26,0,3,2.56,1.21,0.18,-27.6,-6,-0.65,-1.23
강윤구,-33,-0.54,-37,0,0,0,-2,-2,0,-12,-35.1,-13,-12,-139,-24,3,-4,-1,-13,-2,-4,-34,0,0,2.39,1.59,0.6,-23.4,-19.3,-0.54,-1.1
차명진,,-0.62,-8,0,0,-6,-3,-1,0,0,-32.9,-12,-11,-145,-32,-9,0,-1,-18,0,0,-19,0,-3,130.64,17.1,7.39,-93.1,-71.7,-0.62,-0.26
원종현,,0.62,-2,0,0,0,0,2,-1,0,-3,-1,0,-11,-6,-4,-1,0,3,-1,-1,-18,0,-1,0.21,0.93,0.01,10.1,-15.6,0.62,-0.14
신재웅,,-0.65,4,0,0,-1,1,0,0,0,-2.1,12,12,5,12,-1,2,4,4,0,-1,-3,0,0,5.99,3.72,0.96,-75.8,-38.3,-0.65,-0.37
김선기,,0.24,18,0,0,-6,-3,-1,0,3,-6,-5,-8,-30,-10,-2,0,-1,-1,0,0,-6,0,2,-2.13,0.27,-0.15,130.5,7.2,0.24,0.14
신재영,,-0.67,-5,0,0,-6,-1,0,0,0,-24.1,-6,-5,-98,-21,-10,-1,1,-5,0,-4,-20,0,-1,8.92,7.02,1.93,-75,-68.1,-0.67,-0.76
박치국,100,1.06,2,0,0,0,2,2,-3,-8,19.2,8,-3,88,1,-2,1,0,20,2,0,31,0,-2,-1.61,-0.2,-0.12,69.4,18.9,1.06,0.8
문광은,,-0.42,-28,0,0,0,-1,-1,-1,-3,-29,-10,-10,-120,-28,-2,0,-2,-11,0,-1,-22,0,-1,7.16,2.03,0.79,-58.8,-23.2,-0.42,-0.92
최채흥,113.3,3.08,-2,1,1,11,5,0,0,-2,39.8,0,1,139,4,6,-4,2,15,-1,6,34,3,-3,-1.23,0.16,-0.28,48.3,10.3,3.08,2.53
여건욱,,-0.58,0,0,0,0,1,3,1,2,-2,10,9,-6,1,-3,0,6,-4,0,2,-6,0,1,3.22,3.2,0,-39,-47.6,-0.58,-0.72
임창민,,-0.32,24,0,0,0,7,1,0,9,22.2,20,18,115,25,8,1,3,15,0,1,34,0,2,2.86,-0.03,0.18,-83.6,14.4,-0.32,-1.36
강지광,,-0.29,-19,0,0,0,-2,-4,0,-6,-23.9,-11,-10,-95,-17,-5,0,1,-10,-1,0,-11,0,-3,0.96,2.34,0.9,-9,-36.4,-0.29,-0.7
하준호,33,-0.37,34,0,0,1,0,3,0,5,33.2,29,27,156,34,6,0,0,23,1,2,15,0,1,4.92,0.86,0.56,-291.1,-5.8,-0.37,-0.98
권오준,,-0.57,-26,0,0,0,-3,2,0,-2,-27,-7,-10,-115,-27,-7,0,-4,-9,0,-2,-16,0,0,3.21,0.02,0.14,-24.2,11.9,-0.57,-0.23
김영규,,-0.18,-10,-1,-1,3,-3,-2,0,0,1.1,7,2,-11,1,3,1,5,-17,0,-4,9,2,1,0.16,-0.11,-0.27,9.6,14.8,-0.18,-0.6
홍성민,,1.17,18,0,0,0,1,0,0,7,13.8,-2,-3,47,3,0,0,2,6,1,1,7,0,0,-3.22,1.76,-0.34,372.5,-51.6,1.17,1.5
김현수,16.7,-0.1,9,0,0,4,1,1,0,0,26,25,25,143,38,6,3,3,30,0,2,15,0,0,5.82,4.04,1.6,-228.6,-87.4,-0.1,-0.12
송승준,0,-0.1,11,0,0,0,2,1,0,1,10.1,10,10,55,14,2,2,0,8,2,3,12,0,3,1.8,-0.25,0.24,-17,18.6,-0.1,-0.76
박진태,,-0.7,10,0,0,-2,0,-1,0,0,10.1,23,23,63,22,6,0,9,10,0,1,9,0,0,8.7,6.1,0.65,-60.6,-35.6,-0.7,-0.09
임준섭,-35,-0.7,-24,0,0,-5,-1,-1,0,0,-40.9,-17,-10,-181,-38,-9,-1,0,-22,0,-1,-20,0,-5,9.3,1.37,1.07,-63.5,-12.5,-0.7,0.32
김성훈,,-0.11,-12,0,0,-1,0,-1,0,0,-19.1,-11,-11,-91,-23,-5,0,-3,-11,0,-1,-23,0,-6,-1.84,0.59,-0.08,74.1,2.4,-0.11,0.51
이현승,-82.5,0.06,53,0,0,0,2,0,2,7,36.1,25,23,173,44,8,2,2,21,0,2,38,1,3,2.31,1.75,0.96,-49.2,-80.2,0.06,-0.83
이우찬,,-0.26,-26,0,0,-12,-5,-4,0,-2,-86.8,-49,-43,-368,-69,-12,-1,-4,-59,-1,-2,-54,0,-5,6.72,5.29,1.85,-44.3,-35.8,-0.26,0.11
임찬규,63,1.35,-3,0,0,13,7,4,0,-2,59,25,18,249,59,9,-1,4,19,0,-2,66,0,-3,-0.89,-0.7,-0.06,31,25.9,1.35,0.99
장민재,-9,-0.33,-2,-1,0,-12,-4,-1,0,0,-62,-32,-29,-259,-64,-6,1,-9,-14,0,-4,-71,0,-2,1.32,0.33,0.25,-6,6.9,-0.33,-0.62
조현우,150,1.63,47,0,0,0,5,1,1,9,39,13,13,161,32,6,1,1,17,1,0,24,0,1,-0.43,0.43,-0.15,37.1,2.7,1.63,1.05
한선태,,-0.16,-5,0,0,0,0,0,0,0,-6.1,-1,-1,-22,-3,0,0,0,1,0,-1,-4,0,1,14.32,6.43,4.04,-85.3,-83.5,-0.16,-0.01
김대우,66,1.03,2,0,0,1,-5,0,0,-1,-10.1,-16,-17,-37,-13,-5,-2,-10,10,1,-3,3,1,3,-2.03,-1.79,0.21,72.5,50.2,1.03,-0.52
김대우,,0.54,-16,0,0,9,-2,6,0,0,18,11,10,97,34,1,-1,-2,10,0,1,-3,1,-1,-0.03,-0.16,0.27,12.5,13.3,0.54,-0.49
차재용,,-0.08,-8,0,0,0,0,0,0,0,-8.2,-6,-4,-44,-9,-2,0,0,-8,-1,0,-7,0,-1,-3.72,-0.57,-1.76,21.6,-100.56,-0.08,
김윤수,116.2,0.73,56,0,0,-2,2,4,0,12,46.8,28,24,212,56,6,-1,4,21,3,1,32,0,7,0.03,-1.67,-0.04,12.7,33.7,0.73,-1.02
임정호,,0.54,63,0,0,0,2,1,0,22,36.8,21,19,156,29,3,0,3,18,0,7,32,0,0,0.75,2.51,0.2,-3.8,-95.9,0.54,1.21
임기영,42.86,1.29,13,0,0,17,7,7,0,0,79,47,42,334,85,12,2,5,14,0,7,69,1,3,-0.58,-0.95,-0.32,20.1,34.5,1.29,-0.61
김민규,89.7,0.62,28,0,0,4,1,2,1,0,51.1,30,29,223,45,14,0,3,21,2,3,54,0,1,4.89,-1.34,-0.21,9.8,130.33,0.62,
김정후,,-0.1,2,0,0,0,0,0,0,0,1.8,4,4,13,6,0,0,1,3,0,0,2,0,0,12,5.89,2.47,-64.6,46.33,-0.1,
김진성,,1.38,6,0,0,0,2,-2,0,1,5.1,-9,-6,12,2,-2,1,-2,-5,0,-2,21,-1,-4,-1.63,-1.88,-0.21,84.8,80.1,1.38,1.44
장현식,,-1.73,-16,0,0,3,-1,0,0,-3,-13.2,21,21,-39,6,7,1,-1,-1,0,-1,-23,0,5,6.15,1.42,0.62,-46.9,-8.8,-1.73,-1.61
김진욱,34,0.3,21,0,0,6,3,4,1,0,43.2,29,28,202,50,12,1,9,24,0,4,29,0,3,5.64,-2.51,0.68,39.9,69.56,0.3,
소이현,,0.01,12,0,0,0,0,0,0,0,11.1,9,9,54,7,2,0,1,13,0,1,7,0,0,6.57,2.56,-0.22,-21.1,68.96,0.01,
홍상삼,125,0.89,54,0,0,-1,4,5,0,17,42.8,24,24,203,27,11,0,4,50,0,2,56,0,3,0.3,-0.65,0.2,9.5,20.5,0.89,-0.57
임규빈,,0.54,32,0,0,0,2,0,0,2,36.2,20,19,158,45,6,0,11,10,0,2,18,0,2,4.54,7.85,0.49,802.4,63.06,0.54,
정찬헌,53.8,1.45,6,1,1,19,6,3,-6,0,100.1,46,41,424,105,18,1,10,25,0,4,74,0,5,1.71,1.15,-0.37,-95.3,-26.7,1.45,0.96
김주한,,-0.76,11,0,0,6,0,6,0,-1,34,36,31,164,48,3,0,7,13,-1,6,12,0,2,2.18,2.66,0.16,-15.9,-36.4,-0.76,-1.43
황인준,,0.06,-2,0,0,-2,0,0,0,0,-7.1,-6,-6,-35,-8,-4,-1,-1,-3,-1,0,-10,0,-2,-1.85,3,0.32,40.8,-25.8,0.06,0.3
이상규,,-0.22,27,0,0,0,2,3,4,1,30.9,23,23,149,45,10,1,4,20,0,0,18,0,2,6.68,-15.2,-0.87,50,74.39,-0.22,
이선우,,-0.08,-1,0,0,0,0,0,0,0,0.8,2,2,6,5,1,0,0,0,0,0,-1,0,0,8.1,-0.04,2.3,-41.7,6.2,-0.08,-0.06
배민서,,-0.06,9,0,0,0,0,0,0,0,10,10,9,47,10,2,0,4,7,0,-1,8,0,0,2.03,3.98,-0.3,-12.6,-49.9,-0.06,0
류원석,,-0.58,2,0,0,1,0,1,0,0,1.1,12,4,20,6,3,0,0,6,0,4,1,0,0,6.17,4.44,1.97,-35.7,-9.2,-0.58,-0.49
박신지,,-0.15,0,0,0,0,0,0,0,0,3,4,4,15,8,3,1,0,-1,0,0,3,0,1,18,2.57,,,,-0.15,
강동연,,0.04,17,0,0,0,1,2,0,1,19,14,13,84,19,4,0,1,11,1,1,14,0,0,0.6,-2.26,-0.02,5.8,41.4,0.04,-0.47
이현호,,0.04,0,0,0,-8,-1,2,0,0,-25,-13,-12,-116,-33,-8,-1,2,-9,0,0,-7,0,1,1.33,2.7,0.09,-6.1,-25,0.04,-0.33
안우진,,1.37,23,0,0,-15,-5,-2,2,13,-52.1,-44,-39,-252,-77,-17,-1,-5,-19,1,-3,-39,-1,-1,-2.2,-0.4,-0.48,76.8,24.7,1.37,0.39
황영국,0,-0.5,15,0,0,0,0,0,0,4,15.1,19,19,81,21,4,0,1,13,1,2,11,0,3,3.49,-1.51,-0.03,-15,24.2,-0.5,-0.11
장지훈,,-0.95,16,0,0,0,0,1,0,0,13.1,26,21,69,17,0,-1,7,10,0,2,12,0,5,3.8,3.47,-0.13,-20,-34.9,-0.95,-0.92
윤정현,,-0.84,12,0,0,4,0,1,0,0,25.1,30,25,136,52,6,1,3,8,0,2,9,0,1,-0.11,1.09,0.34,6.9,-9.6,-0.84,-1.05
조성운,,0.23,37,0,0,0,1,1,0,1,40,26,23,176,39,10,1,6,17,1,2,26,0,2,-1.8,1.93,-0.71,29.5,-35.7,0.23,-0.64
이민호,159.3,1.81,9,0,0,16,4,4,0,0,88,39,33,380,80,18,0,5,35,1,9,63,1,1,-2.83,-1.2,-0.97,60.4,30.3,1.81,0.93
오현택,25,1.07,33,0,0,0,2,1,0,7,23.8,6,8,96,22,5,1,-1,6,0,1,9,0,1,-1.22,-3.6,-0.09,45.4,45,1.07,-0.13
김승범,,0.05,0,0,0,0,0,0,0,0,0,-1,-1,-3,-3,-1,0,0,1,0,0,0,0,1,-9,3.16,-2,30.1,-15.2,0.05,0.01
백청훈,,-0.03,-3,0,0,0,0,0,-1,-1,-2.9,0,0,-12,-3,0,0,1,-1,0,0,-4,0,-1,13.5,11.16,1,-40,-161.4,-0.03,-0.43
조영우,,0.61,28,0,0,6,2,4,0,0,64.9,40,40,283,77,16,1,9,21,0,2,30,0,4,-2.07,-0.59,-0.3,28.2,16.8,0.61,-0.75
홍성무,,-0.45,-4,0,0,0,0,0,1,0,0.9,12,11,11,5,0,0,0,2,0,0,2,0,1,6.32,0.12,0.39,-28.7,7.3,-0.45,0.13
장원준,-73.3,-0.3,-4,0,0,2,0,1,0,0,3.2,6,6,16,4,1,0,1,3,0,-1,1,0,0,3.71,-0.08,-1.35,-9,6.3,-0.3,-0.31
김기훈,14.29,0.31,3,0,0,-9,-3,-2,0,1,-27.1,-20,-18,-130,-6,-4,-1,-3,-34,0,-7,-10,0,-2,-0.19,-0.81,0.08,14,18.9,0.31,0.19
김종수,61,0.39,19,0,0,0,-1,1,1,7,19,13,13,80,24,7,3,2,-7,1,2,15,0,2,0.13,-1.48,-0.43,8.6,30.6,0.39,0.19
정태승,,-0.06,0,0,0,0,0,0,0,0,0.2,1,1,5,2,0,0,1,1,0,0,-1,0,-1,-5.4,11.36,0.6,7,-137.7,-0.06,-0.11
송명기,,2.39,34,0,0,11,9,3,0,0,84.2,34,33,358,74,13,0,11,37,1,2,71,0,7,-5.3,-4.01,-0.66,85.2,48.9,2.39,0.3
윤규진,,0,-1,0,0,0,0,0,0,0,-0.9,0,-2,-1,1,-2,-1,1,0,0,0,3,0,0,-3.02,2.11,0.56,24.6,-31.7,0,-0.02
최영환,3,-0.11,-9,0,0,1,0,1,0,0,-9,-4,-7,-32,-1,-4,0,3,-6,0,0,-12,-1,-2,-0.33,4.89,0.67,13.9,-57.3,-0.11,-0.19
김택형,,-0.59,5,0,0,0,-1,2,0,1,-0.1,10,7,-1,6,-2,1,4,-4,1,-2,-5,0,0,2.82,1.96,0.11,-17.2,-14.1,-0.59,-0.26
정인욱,,0.12,-7,0,0,-2,0,-2,0,0,-16.1,-12,-12,-80,-19,-9,0,0,-11,0,-1,-12,0,-3,1.38,2.71,-0.11,-2.7,-21.2,0.12,0.18
이민우,39.53,-0.57,-10,0,0,16,4,4,-1,-2,44.9,45,43,203,55,9,2,7,21,-1,2,11,0,0,1.36,1.3,0.03,-6.8,-15.9,-0.57,-2.15
손동현,,0.23,-11,0,0,-3,-2,-3,0,-4,-27,-15,-13,-129,-30,-2,0,3,-21,-2,0,-17,-1,3,0.56,2.4,-0.2,2.6,-23.7,0.23,0.89
박주성,,0.2,-1,0,0,0,0,0,0,0,-2,-5,-5,-14,-5,-1,0,-1,-3,0,0,0,0,-1,-9,-3.59,-0.75,73.6,28.9,0.2,0.01
유원상,100,1.28,47,0,0,-1,2,-2,1,9,43.8,17,15,178,31,7,-1,6,19,1,0,23,0,4,-1.43,0.58,-0.2,45.2,0.1,1.28,0.56
금민철,,0.05,-11,0,0,-14,-1,-4,0,0,-54.9,-34,-28,-248,-60,-6,-1,-5,-24,0,-5,-24,0,-4,10.38,0.39,1.4,-51.4,4.2,0.05,0.77
최동환,71.4,1.43,36,0,0,0,3,1,0,4,34,6,5,121,29,3,1,2,1,0,0,29,0,2,-3.18,-2.04,-0.41,71.7,45.2,1.43,0.26
박정수,,0.68,19,0,0,3,1,1,0,2,28,10,10,117,15,3,1,4,20,0,5,27,0,1,-7.96,0.5,-1.31,71.7,4.3,0.68,-0.2
윤강민,,0.04,-4,0,0,-1,0,-1,0,0,-7,-3,-2,-34,-8,0,0,-1,-5,0,-1,-4,0,0,59.28,2.64,5.15,-44.4,-9.8,0.04,0.2
윤호솔,,-0.01,3,0,0,0,0,1,0,0,2.8,1,0,10,0,2,0,1,3,1,0,2,0,1,-6.68,0.75,-0.67,21.1,2.8,-0.01,-0.39
홍정우,,0.27,23,0,0,0,0,0,0,1,24.9,15,16,105,27,2,0,3,8,0,0,27,0,1,-3.53,-5.25,-1,32.1,55.2,0.27,-0.17
권혁,,-0.15,-42,0,0,0,0,0,-1,-9,-29,-14,-12,-117,-25,-6,1,-3,-3,0,-2,-14,0,1,4.48,-0.76,0.79,-34,43.7,-0.15,-0.16
김세현,,0.46,32,0,0,0,2,-2,1,7,33.8,20,21,139,33,3,0,7,13,-1,-1,30,0,1,-0.44,-0.01,-0.74,15.8,12.5,0.46,0.14
조영건,,0.03,19,0,0,9,3,2,0,0,44,27,23,200,44,7,1,8,25,1,3,22,1,0,-75.72,-17.51,-16.31,83.8,50.2,0.03,-0.69
노성호,75,0.59,40,0,0,0,2,3,0,10,32.9,18,13,145,20,2,0,2,28,1,2,33,0,6,-7.81,-1.99,-0.89,76.4,34.2,0.59,-0.25
서균,-17,0.24,0,0,0,0,0,0,0,0,3,-8,-7,7,-3,-4,0,0,3,0,1,-2,0,0,-14.54,2.06,-1.23,49.4,-102.55,0.24,
이원준,,0.18,15,0,0,-1,0,0,0,0,17,12,11,86,25,5,2,2,12,2,0,15,0,7,-11.84,-6.41,-0.72,42.8,46.6,0.18,-0.36
양기현,,0.77,20,0,0,0,0,1,0,1,18,0,1,69,12,1,0,3,9,1,1,9,0,1,-11.33,2.64,-0.98,94.4,-62.3,0.77,0.11
김범수,0,0.95,-21,0,0,-8,-2,-3,-1,-1,-48,-36,-33,-226,-60,-8,-1,-6,-19,2,-7,-30,0,-8,-0.44,0.29,0.05,17.8,6.9,0.95,0.44
장원삼,,-0.1,5,0,0,1,0,1,0,0,19.8,19,16,92,29,4,0,3,7,1,1,8,0,0,-0.3,-0.1,0.17,12.2,14.7,-0.1,-0.7
이준영,50,0.72,11,0,0,-1,-1,2,0,12,-27.8,-28,-22,-131,-33,-2,-1,-2,-13,-2,-2,-21,-1,3,-1.03,-0.12,0.09,24.2,19.4,0.72,-0.69
류희운,,0.18,6,0,0,-1,0,0,0,0,6,4,4,24,6,2,0,1,2,0,0,6,0,-1,-12.34,-0.24,-2.13,26.4,16.3,0.18,-0.09
김원중,70,1.92,30,0,0,-17,0,-6,25,-1,-43,-46,-39,-236,-75,-7,0,-5,-24,4,-6,-36,0,-5,-1.78,-0.46,-0.44,50,24.2,1.92,1.55
이승진,112.8,0.74,16,0,0,3,2,4,0,4,32.1,16,15,139,34,11,1,0,10,1,1,40,0,-2,-2.44,-2.47,-0.24,29.8,59.2,0.74,-0.18
송은범,0,1.18,-7,0,0,1,2,-4,1,-3,-4,-9,-7,-34,-14,3,-1,-2,-4,-3,0,-8,0,-1,-0.75,0.01,-0.2,24.2,11.3,1.18,0.76
이상동,,0.33,-1,0,0,0,0,0,0,0,-0.1,-4,-4,0,1,1,0,-2,1,0,-1,3,0,1,-5.21,-4.87,0.43,24,72.3,0.33,0.1
이승헌,55,0.45,7,0,0,7,3,1,0,0,34.2,18,12,141,27,-3,0,1,8,1,1,34,1,2,-26.84,-6.36,-3.77,91.1,113.3,0.45,0.04
이승헌,,0.38,2,0,0,-1,0,-1,0,0,0,-5,-5,-5,-4,-5,-1,1,-2,0,0,2,0,0,-22.5,1.66,-3,41,0.1,0.38,0.29
이태양,,0.96,-2,0,0,-1,1,-5,0,-6,-10.2,-9,-9,-33,-6,1,-1,0,3,2,-2,-19,0,-1,-0.35,0.85,0.19,16.7,-4.2,0.96,1.65
신정락,-33.3,0.41,-28,0,0,-1,-5,0,0,-5,-32.2,-21,-17,-150,-33,-5,1,-4,-14,0,-4,-21,0,-2,3.16,0.24,0.28,-17.8,8.8,0.41,0.07
이인복,60,1.57,36,0,0,1,1,4,0,2,33,4,4,125,28,7,-1,0,4,1,1,14,0,2,-7.71,-2.32,-1.48,86.7,53.4,1.57,-0.44
양승철,6.6,0.48,4,0,0,0,-1,-1,0,0,12.1,4,3,59,18,-1,-1,1,9,0,3,2,0,1,-4.27,0.09,-0.06,26.7,7.7,0.48,0.09
이보근,,2.19,30,0,0,0,3,-1,6,6,30,-1,-5,112,13,2,-2,1,8,1,2,15,0,3,-7.21,0.33,-0.82,148.8,7,2.19,1
구승민,87.5,2.73,16,0,0,0,4,-2,-2,14,24.1,-4,-1,58,-5,4,0,3,5,-4,-3,15,0,-6,-2.67,0.23,-0.74,68.8,9.3,2.73,2.95
정수민,,1.84,-4,0,0,2,1,-2,0,0,6.1,-15,-15,7,-6,-1,0,-1,-5,0,-1,7,0,-1,-15.24,-4.36,-1.87,394.4,97.5,1.84,0.88
문동욱,,1.2,7,0,0,-1,-1,0,1,1,2.8,-15,-12,-8,-24,-4,0,-1,13,1,-1,-3,0,1,-7.56,1.3,-0.94,71.2,-4.2,1.2,0.56
박주홍,-5.5,0.47,-18,0,0,-1,0,1,0,-1,-13.9,-13,-11,-71,-21,-3,-2,-3,-8,0,-2,-8,-1,1,0.41,-0.14,-0.09,4.7,11,0.47,0.35
홍건희,107.5,1.94,39,0,0,-14,1,-5,1,8,-13,-31,-27,-82,-38,-6,2,-4,-11,0,2,8,0,-4,-2.18,-0.86,-0.38,34.7,24.7,1.94,0.92
김민우,114,3.57,10,-1,0,13,3,3,0,0,64.2,13,13,278,41,4,0,9,42,3,1,78,2,6,-2.41,0.09,-0.16,47.9,11,3.57,0.99
